<application>
  <component name="FileTypeManager" version="18">
    <extensionMap>
      <mapping ext="main.kts" type="Kotlin" />
      <mapping pattern="create_settings_table" type="PLAIN_TEXT" />
      <mapping ext="p12" type="PLAIN_TEXT" />
      <mapping ext="mjml" type="RHTML" />
      <removed_mapping ext="ignore" approved="true" type="IgnoreLang file" />
      <removed_mapping ext="mjml" approved="true" type="HTML" />
      <removed_mapping pattern=".env" approved="true" type="Env File" />
      <removed_mapping pattern=".mjml" approved="true" type="HTML" />
      <mapping pattern=".gitignore_global" type="Git file" />
    </extensionMap>
  </component>
</application>