<application>
  <component name="FindSettings">
    <option name="customScope" value="All Places" />
    <option name="defaultScopeName" value="All Places" />
    <option name="SEARCH_SCOPE" value="All Places" />
    <mask>*.css</mask>
    <mask>*.html</mask>
    <mask>*.xml</mask>
    <mask>*.jsp</mask>
    <mask>*.properties</mask>
    <mask>*.java</mask>
    <mask>*.scss</mask>
    <mask>*.tsx</mask>
    <mask>*.yml</mask>
    <mask>*.slim</mask>
    <mask>*.php</mask>
    <mask>*.ts</mask>
    <mask>*_spec.rb</mask>
    <mask>*.rb</mask>
    <mask>*_test.go</mask>
  </component>
</application>