<application>
  <component name="DownloadModelConsentState">
    <option name="lastNotificationTimestamps">
      <map>
        <entry language="CSS" lastNotificationTimestamp="1745042364960" />
        <entry language="PHP" lastNotificationTimestamp="1745039912420" />
        <entry language="ruby" lastNotificationTimestamp="1749041727552" />
      </map>
    </option>
  </component>
  <component name="Full Line Inline Third Parties">
    <thirdParties>
      <entry id="com.github.copilot" is-enabled="true" />
    </thirdParties>
  </component>
  <component name="InlineShortcutChoice">
    <option name="choiceShownTimes" value="50" />
  </component>
  <component name="MLServerCompletionSettings">
    <LangState language_id="JAVA">
      <option name="enabled" value="false" />
    </LangState>
    <LangState language_id="kotlin">
      <option name="enabled" value="false" />
    </LangState>
  </component>
</application>