<application>
  <component name="MaterialThemeConfig">
    <option name="contrastMode" value="true" />
    <option name="customTreeIndentEnabled" value="true" />
    <option name="compactSidebar" value="true" />
    <option name="isContrastMode" value="true" />
    <option name="isCustomTreeIndentEnabled" value="true" />
    <option name="isWizardShown" value="true" />
    <option name="overrideAccentColor" value="false" />
    <option name="pristineConfig" value="false" />
    <option name="customSidebarHeight" value="36" />
    <option name="leftTreeIndent" value="12" />
    <option name="settingsSelectedTab" value="5" />
    <option name="accentColor" value="009688" />
    <option name="selectedTheme" value="GITHUB" />
    <option name="userId" value="5a6d74da:169cde531de:-8000" />
    <option name="version" value="5.5.0" />
  </component>
</application>