<application>
  <component name="MaterialThemeNewConfig">
    <option name="accentState">
      <MTAccentConfigState>
        <option name="accentColorHex" value="009688" />
        <option name="overrideAccentColor" value="false" />
      </MTAccentConfigState>
    </option>
    <option name="contrastState">
      <MTContrastConfigState>
        <option name="contrastMode" value="true" />
        <option name="highContrast" value="true" />
      </MTContrastConfigState>
    </option>
    <option name="customThemeState">
      <MTCustomThemeConfigState>
        <option name="borderColorHex" value="2a373e" />
        <option name="buttonColorHex" value="2e3c43" />
        <option name="colorScheme" value="Light" />
        <option name="contrastColorHex" value="1e272c" />
        <option name="excludedColorHex" value="2e3c43" />
        <option name="foregroundColorHex" value="b0bec5" />
        <option name="highlightColorHex" value="425b67" />
        <option name="secondBackgroundColorHex" value="32424a" />
        <option name="selectionBackgroundColorHex" value="546e7a" />
        <option name="selectionForegroundColorHex" value="ffffff" />
        <option name="textColorHex" value="607d8b" />
        <option name="treeColorHex" value="546e7a" />
      </MTCustomThemeConfigState>
    </option>
    <option name="favoriteThemesState">
      <MTFavoriteThemesConfigState>
        <option name="favoriteThemes">
          <map>
            <entry key="ARC_DARK">
              <value>
                <MTFavoriteTheme />
              </value>
            </entry>
            <entry key="DARKER">
              <value>
                <MTFavoriteTheme />
              </value>
            </entry>
            <entry key="DEEPOCEAN">
              <value>
                <MTFavoriteTheme />
              </value>
            </entry>
            <entry key="DRACULA">
              <value>
                <MTFavoriteTheme />
              </value>
            </entry>
            <entry key="Darcula">
              <value>
                <MTFavoriteTheme />
              </value>
            </entry>
            <entry key="ExperimentalDark">
              <value>
                <MTFavoriteTheme />
              </value>
            </entry>
            <entry key="ExperimentalLight">
              <value>
                <MTFavoriteTheme />
              </value>
            </entry>
            <entry key="ExperimentalLightWithLightHeader">
              <value>
                <MTFavoriteTheme />
              </value>
            </entry>
            <entry key="FOREST">
              <value>
                <MTFavoriteTheme />
              </value>
            </entry>
            <entry key="GITHUB">
              <value>
                <MTFavoriteTheme />
              </value>
            </entry>
            <entry key="GITHUB_DARK">
              <value>
                <MTFavoriteTheme />
              </value>
            </entry>
            <entry key="IntelliJ">
              <value>
                <MTFavoriteTheme />
              </value>
            </entry>
            <entry key="JetBrainsHighContrastTheme">
              <value>
                <MTFavoriteTheme />
              </value>
            </entry>
            <entry key="JetBrainsLightTheme">
              <value>
                <MTFavoriteTheme />
              </value>
            </entry>
            <entry key="LIGHTER">
              <value>
                <MTFavoriteTheme />
              </value>
            </entry>
            <entry key="LIGHT_OWL">
              <value>
                <MTFavoriteTheme />
              </value>
            </entry>
            <entry key="MONOKAI">
              <value>
                <MTFavoriteTheme />
              </value>
            </entry>
            <entry key="MOONLIGHT">
              <value>
                <MTFavoriteTheme />
              </value>
            </entry>
            <entry key="Many Islands Dark">
              <value>
                <MTFavoriteTheme />
              </value>
            </entry>
            <entry key="Many Islands Light">
              <value>
                <MTFavoriteTheme />
              </value>
            </entry>
            <entry key="NIGHT_OWL">
              <value>
                <MTFavoriteTheme />
              </value>
            </entry>
            <entry key="OCEANIC">
              <value>
                <MTFavoriteTheme />
              </value>
            </entry>
            <entry key="ONE_DARK">
              <value>
                <MTFavoriteTheme />
              </value>
            </entry>
            <entry key="ONE_LIGHT">
              <value>
                <MTFavoriteTheme />
              </value>
            </entry>
            <entry key="One Island Dark">
              <value>
                <MTFavoriteTheme />
              </value>
            </entry>
            <entry key="One Island Light">
              <value>
                <MTFavoriteTheme />
              </value>
            </entry>
            <entry key="PALENIGHT">
              <value>
                <MTFavoriteTheme />
              </value>
            </entry>
            <entry key="SANDYBEACH">
              <value>
                <MTFavoriteTheme />
              </value>
            </entry>
            <entry key="SKYBLUE">
              <value>
                <MTFavoriteTheme />
              </value>
            </entry>
            <entry key="SOLARIZED_DARK">
              <value>
                <MTFavoriteTheme />
              </value>
            </entry>
            <entry key="SOLARIZED_LIGHT">
              <value>
                <MTFavoriteTheme />
              </value>
            </entry>
            <entry key="SPACE">
              <value>
                <MTFavoriteTheme />
              </value>
            </entry>
            <entry key="SYNTHWAVE">
              <value>
                <MTFavoriteTheme />
              </value>
            </entry>
            <entry key="VOLCANO">
              <value>
                <MTFavoriteTheme />
              </value>
            </entry>
          </map>
        </option>
      </MTFavoriteThemesConfigState>
    </option>
    <option name="lightCustomThemeState">
      <MTLightCustomThemeConfigState>
        <option name="accentColorHex" value="009688" />
        <option name="activeColorHex" value="314549" />
        <option name="backgroundColorHex" value="263238" />
        <option name="borderColorHex" value="2a373e" />
        <option name="buttonColorHex" value="2e3c43" />
        <option name="colorScheme" value="Light" />
        <option name="contrastColorHex" value="1e272c" />
        <option name="disabledColorHex" value="415967" />
        <option name="excludedColorHex" value="2e3c43" />
        <option name="foregroundColorHex" value="b0bec5" />
        <option name="highlightColorHex" value="425b67" />
        <option name="notificationColorHex" value="323232" />
        <option name="secondBackgroundColorHex" value="32424a" />
        <option name="selectionBackgroundColorHex" value="546e7a" />
        <option name="selectionForegroundColorHex" value="ffffff" />
        <option name="textColorHex" value="607d8b" />
        <option name="treeColorHex" value="546e7a" />
      </MTLightCustomThemeConfigState>
    </option>
    <option name="metadata">
      <MTMetadataState>
        <option name="migrated" value="true" />
        <option name="pristineConfig" value="false" />
        <option name="userId" value="-1e671854:18ddf54d06d:-8000" />
        <option name="version" value="10.2.0" />
        <option name="wizardShown" value="true" />
      </MTMetadataState>
    </option>
    <option name="projectTreeState">
      <MTProjectTreeConfigState>
        <option name="customLineHeight" value="32" />
        <option name="customLineHeightEnabled" value="true" />
        <option name="treeFontEnabled" value="true" />
        <option name="treeFontSize" value="14" />
      </MTProjectTreeConfigState>
    </option>
    <option name="tabsState">
      <MTTabsConfigState>
        <option name="tabFontEnabled" value="true" />
      </MTTabsConfigState>
    </option>
    <option name="themeState">
      <MTThemeConfigState>
        <option name="selectedThemeName" value="NATIVE" />
      </MTThemeConfigState>
    </option>
    <option name="titleBarState">
      <MTTitleBarConfigState>
        <option name="customTitle" value="{path}" />
        <option name="useColoredTitleBar" value="false" />
        <option name="useCustomTitle" value="true" />
      </MTTitleBarConfigState>
    </option>
  </component>
</application>