<application>
  <component name="MaterialThemeConfig">
    <option name="compactSidebar" value="true" />
    <option name="contrastMode" value="true" />
    <option name="highContrast" value="true" />
    <option name="overrideAccentColor" value="false" />
    <option name="tabFontSizeEnabled" value="true" />
    <option name="treeFontSizeEnabled" value="true" />
    <option name="isCompactSidebar" value="true" />
    <option name="isContrastMode" value="true" />
    <option name="isHighContrast" value="true" />
    <option name="isOverrideAccentColor" value="false" />
    <option name="isTreeFontSizeEnabled" value="true" />
    <option name="isTabFontSizeEnabled" value="true" />
    <option name="customSidebarHeight" value="32" />
    <option name="treeFontSize" value="14" />
    <option name="accentColor" value="009688" />
    <option name="secondAccentColor" />
    <option name="highlightColor" />
    <option name="selectedTheme" value="NATIVE" />
    <option name="userId" value="-1e671854:18ddf54d06d:-8000" />
    <option name="version" value="8.13.2" />
    <option name="pristineConfig" value="false" />
  </component>
</application>