<application>
  <component name="NodeJsLocalInterpreterManager">
    <local-interpreter path="/opt/homebrew/bin/node" />
    <local-interpreter path="$USER_HOME$/.nvm/versions/node/v21.6.2/bin/node">
      <version-cache version="21.6.2" last-modified="1707863926000" />
    </local-interpreter>
    <local-interpreter path="$USER_HOME$/.nvm/versions/node/v21.7.1/bin/node" excluded="true" />
    <local-interpreter path="$USER_HOME$/.nvm/versions/node/v23.7.0/bin/node" excluded="true" />
    <local-interpreter path="$USER_HOME$/.nvm/versions/node/v22.12.0/bin/node" excluded="true" />
  </component>
</application>