<application>
  <component name="ParameterNameHintsSettings">
    <blacklists>
      <blacklist language="Ruby">
        <added pattern="GraphQL::Schema::Resolver::$$SINGLETON$$.argument(args,kwargs,block)" />
        <added pattern="GraphQL::Schema::Member::BaseDSLMethods.description(new_description)" />
        <added pattern="GraphQL::Schema::Member::HasFields.field(args,kwargs,block)" />
        <added pattern="GraphQL::Schema::RelayClassicMutation::$$SINGLETON$$.argument(args,own_argument,kwargs,block)" />
        <added pattern="GraphQL::Schema::InputObject::$$SINGLETON$$.argument(args,kwargs,block)" />
      </blacklist>
    </blacklists>
  </component>
</application>