<application>
  <component name="ProjectManager">
    <defaultProject>
      <component name="ComposerSettings">
        <execution />
      </component>
      <component name="MaterialThemeProjectNewConfig">
        <option name="metadata">
          <MTProjectMetadataState>
            <option name="userId" value="37c2acd8:18ec4701b1f:-7ffe" />
          </MTProjectMetadataState>
        </option>
      </component>
      <component name="PropertiesComponent">{
  &quot;keyToString&quot;: {
    &quot;settings.editor.selected.configurable&quot;: &quot;settings.sync&quot;
  }
}</component>
      <component name="WindowStateProjectService">
        <state x="1256" y="562" key="#com.intellij.ide.actions.ChooseComponentsToExportDialog" timestamp="1732601868919">
          <screen x="0" y="25" width="3008" height="1618" />
        </state>
        <state x="1256" y="562" key="#com.intellij.ide.actions.ChooseComponentsToExportDialog/0.25.3008.1618" timestamp="1732601868919" />
      </component>
    </defaultProject>
  </component>
</application>