<application>
  <component name="SettingsSyncSettings">
    <option name="disabledSubcategories">
      <map>
        <entry key="PLUGINS">
          <value>
            <list>
              <option value="Pythonid" />
              <option value="String Manipulation" />
              <option value="com.dmarcotte.handlebars" />
              <option value="com.github.inxilpro.intellijalpine" />
              <option value="com.jetbrains.plugins.jade" />
              <option value="com.jetbrains.space" />
              <option value="dev.smarthugo" />
              <option value="mdx.js" />
              <option value="org.jetbrains.plugins.go" />
            </list>
          </value>
        </entry>
      </map>
    </option>
    <option name="syncEnabled" value="true" />
  </component>
</application>