<application>
  <component name="BlockTerminalUsage">
    <option name="blockTerminalUsedLastTimeMillis" value="1746522462392" />
    <option name="blockTerminalUsedLastVersion" value="251.23774.435" />
  </component>
  <component name="ReworkedTerminalUsage"><![CDATA[{
  "feedbackNotificationShown": true,
  "enterKeyPressedTimes": 179
}]]></component>
  <component name="TerminalOptionsProvider">
    <option name="cursorShape" value="VERTICAL" />
    <option name="myHighlightHyperlinks" value="false" />
    <option name="useOptionAsMetaKey" value="true" />
  </component>
</application>