<application>
  <component name="Trusted.Paths">
    <option name="TRUSTED_PROJECT_PATHS">
      <map>
        <entry key="$USER_HOME$/Lago/clickhouse-activerecord" value="true" />
        <entry key="$USER_HOME$/Lago/examples" value="true" />
        <entry key="$USER_HOME$/Lago/kamal-prometheus-example" value="true" />
        <entry key="$USER_HOME$/Lago/lago" value="true" />
        <entry key="$USER_HOME$/Lago/lago-deploy" value="true" />
        <entry key="$USER_HOME$/Lago/lago-doc" value="true" />
        <entry key="$USER_HOME$/Lago/lago-go-client" value="true" />
        <entry key="$USER_HOME$/Lago/lago-java-client" value="true" />
        <entry key="$USER_HOME$/Lago/lago-javascript-client" value="true" />
        <entry key="$USER_HOME$/Lago/lago-license" value="true" />
        <entry key="$USER_HOME$/Lago/lago-python-client" value="true" />
        <entry key="$USER_HOME$/Lago/lago-ruby-client" value="true" />
        <entry key="$USER_HOME$/Lago/openapi" value="true" />
        <entry key="$USER_HOME$/Personal/Herd/money" value="true" />
        <entry key="$USER_HOME$/Personal/Herd/stack-overflow" value="true" />
        <entry key="$USER_HOME$/Personal/adulthood" value="true" />
        <entry key="$USER_HOME$/Personal/altver.org" value="true" />
        <entry key="$USER_HOME$/Personal/api-flowter" value="true" />
        <entry key="$USER_HOME$/Personal/apiflowter.com" value="true" />
        <entry key="$USER_HOME$/Personal/atelier" value="true" />
        <entry key="$USER_HOME$/Personal/debugbar" value="true" />
        <entry key="$USER_HOME$/Personal/debugbar.dev" value="true" />
        <entry key="$USER_HOME$/Personal/demo-delegated-types-laravel" value="true" />
        <entry key="$USER_HOME$/Personal/demo-delegated-types-rails" value="true" />
        <entry key="$USER_HOME$/Personal/demo-deletaged-types" value="true" />
        <entry key="$USER_HOME$/Personal/home" value="true" />
        <entry key="$USER_HOME$/Personal/julienbourdeau.com" value="true" />
        <entry key="$USER_HOME$/Personal/laboucheriebio-v4" value="true" />
        <entry key="$USER_HOME$/Personal/rails-8-kamal" value="true" />
        <entry key="$USER_HOME$/Personal/rails-demo-blog-app" value="true" />
        <entry key="$USER_HOME$/Personal/rails-forum-example" value="true" />
        <entry key="$USER_HOME$/Personal/rails-forum-example-v3" value="true" />
        <entry key="$USER_HOME$/Personal/rustlings" value="true" />
        <entry key="$USER_HOME$/etc/dotfiles" value="true" />
      </map>
    </option>
  </component>
  <component name="Trusted.Paths.Settings">
    <option name="TRUSTED_PATHS">
      <list>
        <option value="$USER_HOME$/Lago" />
        <option value="$USER_HOME$/Personal" />
      </list>
    </option>
  </component>
</application>