<application>
  <component name="DimensionService">
    <location key="find.popup.0.0.6016.3384@192dpi" x="1876" y="344" />
    <location key="find.popup.0.0.3600.2338@192dpi" x="918" y="268" />
    <location key="find.popup.0.0.6720.3780@192dpi" x="1608" y="382" />
    <location key="find.popup.0.0.5120.2880@192dpi" x="1226" y="300" />
    <size key="find.popup.0.0.6016.3384@192dpi" width="2310" height="2004" />
    <size key="GridCell.Tab.0.left.0.0.6016.3384@192dpi" width="5852" height="1984" />
    <size key="GridCell.Tab.0.center.0.0.6016.3384@192dpi" width="5852" height="1984" />
    <size key="GridCell.Tab.0.right.0.0.6016.3384@192dpi" width="5852" height="1984" />
    <size key="GridCell.Tab.0.bottom.0.0.6016.3384@192dpi" width="5852" height="1984" />
    <size key="GridCell.Tab.1.left.0.0.6016.3384@192dpi" width="1932" height="2994" />
    <size key="GridCell.Tab.1.center.0.0.6016.3384@192dpi" width="1932" height="2994" />
    <size key="GridCell.Tab.1.right.0.0.6016.3384@192dpi" width="1932" height="2994" />
    <size key="GridCell.Tab.1.bottom.0.0.6016.3384@192dpi" width="1932" height="2994" />
    <size key="GridCell.Tab.0.left.0.0.3600.2338@192dpi" width="1932" height="1770" />
    <size key="GridCell.Tab.0.center.0.0.3600.2338@192dpi" width="1932" height="1770" />
    <size key="GridCell.Tab.0.right.0.0.3600.2338@192dpi" width="1932" height="1770" />
    <size key="GridCell.Tab.0.bottom.0.0.3600.2338@192dpi" width="1932" height="1770" />
    <size key="GridCell.Tab.1.left.0.0.3600.2338@192dpi" width="2062" height="2994" />
    <size key="GridCell.Tab.1.center.0.0.3600.2338@192dpi" width="2062" height="2994" />
    <size key="GridCell.Tab.1.right.0.0.3600.2338@192dpi" width="2062" height="2994" />
    <size key="GridCell.Tab.1.bottom.0.0.3600.2338@192dpi" width="2062" height="2994" />
    <size key="find.popup.0.0.3600.2338@192dpi" width="1280" height="1076" />
    <size key="find.popup.0.0.6720.3780@192dpi" width="2862" height="2944" />
    <size key="GridCell.Tab.0.left.0.0.6720.3780@192dpi" width="1880" height="3380" />
    <size key="GridCell.Tab.0.center.0.0.6720.3780@192dpi" width="1880" height="3380" />
    <size key="GridCell.Tab.0.right.0.0.6720.3780@192dpi" width="1880" height="3380" />
    <size key="GridCell.Tab.0.bottom.0.0.6720.3780@192dpi" width="1880" height="3380" />
    <size key="GridCell.Tab.1.left.0.0.6720.3780@192dpi" width="1880" height="3380" />
    <size key="GridCell.Tab.1.center.0.0.6720.3780@192dpi" width="1880" height="3380" />
    <size key="GridCell.Tab.1.right.0.0.6720.3780@192dpi" width="1880" height="3380" />
    <size key="GridCell.Tab.1.bottom.0.0.6720.3780@192dpi" width="1880" height="3380" />
    <size key="find.popup.0.0.5120.2880@192dpi" width="1280" height="1076" />
    <size key="GridCell.Tab.0.left.0.0.5120.2880@192dpi" width="2750" height="2490" />
    <size key="GridCell.Tab.0.center.0.0.5120.2880@192dpi" width="2750" height="2490" />
    <size key="GridCell.Tab.0.right.0.0.5120.2880@192dpi" width="2750" height="2490" />
    <size key="GridCell.Tab.0.bottom.0.0.5120.2880@192dpi" width="2750" height="2490" />
    <size key="GridCell.Tab.1.left.0.0.5120.2880@192dpi" width="2750" height="2490" />
    <size key="GridCell.Tab.1.center.0.0.5120.2880@192dpi" width="2750" height="2490" />
    <size key="GridCell.Tab.1.right.0.0.5120.2880@192dpi" width="2750" height="2490" />
    <size key="GridCell.Tab.1.bottom.0.0.5120.2880@192dpi" width="2750" height="2490" />
  </component>
  <component name="WindowManager">
    <frame x="0" y="25" width="3008" height="1618" extendedState="6" />
  </component>
  <component name="WindowStateApplicationService">
    <state width="532" height="142" key="ShowUsagesActions.dimensionServiceKey" timestamp="1735460513779">
      <screen x="0" y="25" width="3008" height="1618" />
    </state>
    <state width="532" height="142" key="ShowUsagesActions.dimensionServiceKey/0.25.3008.1618" timestamp="1735460513779" />
    <state x="1504" y="692" width="940" height="770" key="WELCOME_SCREEN" timestamp="1735471309817">
      <screen x="0" y="25" width="3008" height="1618" />
    </state>
    <state x="1280" y="588" width="800" height="650" key="WELCOME_SCREEN/0.25.2560.1366" timestamp="1731602966258" />
    <state x="1504" y="692" width="940" height="770" key="WELCOME_SCREEN/0.25.3008.1618" timestamp="1735471309817" />
  </component>
</application>