<application>
  <component name="DimensionService">
    <location key="find.popup.0.0.6016.3384@192dpi" x="1712" y="528" />
    <location key="find.popup.0.0.3600.2338@192dpi" x="818" y="360" />
    <location key="find.popup.0.0.6720.3780@192dpi" x="1608" y="382" />
    <location key="find.popup.0.0.5120.2880@192dpi" x="1226" y="300" />
    <location key="find.popup.0.0.3600.2250@192dpi" x="922" y="154" />
    <size key="find.popup.0.0.6016.3384@192dpi" width="2530" height="2302" />
    <size key="GridCell.Tab.0.left.0.0.6016.3384@192dpi" width="1994" height="2992" />
    <size key="GridCell.Tab.0.center.0.0.6016.3384@192dpi" width="1994" height="2992" />
    <size key="GridCell.Tab.0.right.0.0.6016.3384@192dpi" width="1994" height="2992" />
    <size key="GridCell.Tab.0.bottom.0.0.6016.3384@192dpi" width="1994" height="2992" />
    <size key="GridCell.Tab.1.left.0.0.6016.3384@192dpi" width="1994" height="2992" />
    <size key="GridCell.Tab.1.center.0.0.6016.3384@192dpi" width="1994" height="2992" />
    <size key="GridCell.Tab.1.right.0.0.6016.3384@192dpi" width="1994" height="2992" />
    <size key="GridCell.Tab.1.bottom.0.0.6016.3384@192dpi" width="1994" height="2992" />
    <size key="GridCell.Tab.0.left.0.0.3600.2338@192dpi" width="1268" height="1908" />
    <size key="GridCell.Tab.0.center.0.0.3600.2338@192dpi" width="1268" height="1908" />
    <size key="GridCell.Tab.0.right.0.0.3600.2338@192dpi" width="1268" height="1908" />
    <size key="GridCell.Tab.0.bottom.0.0.3600.2338@192dpi" width="1268" height="1908" />
    <size key="GridCell.Tab.1.left.0.0.3600.2338@192dpi" width="1268" height="1908" />
    <size key="GridCell.Tab.1.center.0.0.3600.2338@192dpi" width="1268" height="1908" />
    <size key="GridCell.Tab.1.right.0.0.3600.2338@192dpi" width="1268" height="1908" />
    <size key="GridCell.Tab.1.bottom.0.0.3600.2338@192dpi" width="1268" height="1908" />
    <size key="find.popup.0.0.3600.2338@192dpi" width="1978" height="1742" />
    <size key="find.popup.0.0.6720.3780@192dpi" width="2862" height="2944" />
    <size key="GridCell.Tab.0.left.0.0.6720.3780@192dpi" width="1880" height="3380" />
    <size key="GridCell.Tab.0.center.0.0.6720.3780@192dpi" width="1880" height="3380" />
    <size key="GridCell.Tab.0.right.0.0.6720.3780@192dpi" width="1880" height="3380" />
    <size key="GridCell.Tab.0.bottom.0.0.6720.3780@192dpi" width="1880" height="3380" />
    <size key="GridCell.Tab.1.left.0.0.6720.3780@192dpi" width="1880" height="3380" />
    <size key="GridCell.Tab.1.center.0.0.6720.3780@192dpi" width="1880" height="3380" />
    <size key="GridCell.Tab.1.right.0.0.6720.3780@192dpi" width="1880" height="3380" />
    <size key="GridCell.Tab.1.bottom.0.0.6720.3780@192dpi" width="1880" height="3380" />
    <size key="find.popup.0.0.5120.2880@192dpi" width="1280" height="1076" />
    <size key="GridCell.Tab.0.left.0.0.5120.2880@192dpi" width="2750" height="2490" />
    <size key="GridCell.Tab.0.center.0.0.5120.2880@192dpi" width="2750" height="2490" />
    <size key="GridCell.Tab.0.right.0.0.5120.2880@192dpi" width="2750" height="2490" />
    <size key="GridCell.Tab.0.bottom.0.0.5120.2880@192dpi" width="2750" height="2490" />
    <size key="GridCell.Tab.1.left.0.0.5120.2880@192dpi" width="2750" height="2490" />
    <size key="GridCell.Tab.1.center.0.0.5120.2880@192dpi" width="2750" height="2490" />
    <size key="GridCell.Tab.1.right.0.0.5120.2880@192dpi" width="2750" height="2490" />
    <size key="GridCell.Tab.1.bottom.0.0.5120.2880@192dpi" width="2750" height="2490" />
    <size key="GridCell.Tab.0.left.0.0.3600.2250@192dpi" width="1478" height="1858" />
    <size key="GridCell.Tab.0.center.0.0.3600.2250@192dpi" width="1478" height="1858" />
    <size key="GridCell.Tab.0.right.0.0.3600.2250@192dpi" width="1478" height="1858" />
    <size key="GridCell.Tab.0.bottom.0.0.3600.2250@192dpi" width="1478" height="1858" />
    <size key="GridCell.Tab.1.left.0.0.3600.2250@192dpi" width="1478" height="1858" />
    <size key="GridCell.Tab.1.center.0.0.3600.2250@192dpi" width="1478" height="1858" />
    <size key="GridCell.Tab.1.right.0.0.3600.2250@192dpi" width="1478" height="1858" />
    <size key="GridCell.Tab.1.bottom.0.0.3600.2250@192dpi" width="1478" height="1858" />
    <size key="find.popup.0.0.3600.2250@192dpi" width="1688" height="1654" />
  </component>
  <component name="WindowManager">
    <frame x="0" y="25" width="3008" height="1618" extendedState="6" />
  </component>
  <component name="WindowStateApplicationService">
    <state width="796" height="142" key="ShowUsagesActions.dimensionServiceKey" timestamp="1742573708724">
      <screen x="0" y="25" width="3008" height="1618" />
    </state>
    <state width="565" height="282" key="ShowUsagesActions.dimensionServiceKey/0.25.1800.1051" timestamp="1740831645741" />
    <state width="796" height="142" key="ShowUsagesActions.dimensionServiceKey/0.25.3008.1618" timestamp="1742573708724" />
    <state width="687" height="450" key="ShowUsagesActions.dimensionServiceKey/0.44.1800.1076" timestamp="1739889133829" />
    <state x="1503" y="728" width="1403" height="984" key="WELCOME_SCREEN" timestamp="1742803277715">
      <screen x="0" y="25" width="3008" height="1618" />
    </state>
    <state x="900" y="483" width="800" height="650" key="WELCOME_SCREEN/0.25.1800.1051" timestamp="1740833152533" />
    <state x="1503" y="728" width="1403" height="984" key="WELCOME_SCREEN/0.25.3008.1618" timestamp="1742803277715" />
    <state x="756" y="444" width="800" height="650" key="WELCOME_SCREEN/0.38.1512.895" timestamp="1742488510700" />
    <state x="900" y="511" width="800" height="650" key="WELCOME_SCREEN/0.44.1800.1076" timestamp="1739898171798" />
  </component>
</application>