<application>
  <component name="DimensionService">
    <location key="find.popup.0.0.6016.3384@192dpi" x="1532" y="132" />
    <location key="find.popup.0.0.3600.2338@192dpi" x="946" y="150" />
    <location key="find.popup.0.0.6720.3780@192dpi" x="1608" y="382" />
    <location key="find.popup.0.0.5120.2880@192dpi" x="1226" y="300" />
    <location key="find.popup.0.0.3600.2250@192dpi" x="922" y="154" />
    <location key="find.popup.0.0.3024.1964@192dpi" x="860" y="340" />
    <size key="find.popup.0.0.6016.3384@192dpi" width="2512" height="3012" />
    <size key="GridCell.Tab.0.left.0.0.6016.3384@192dpi" width="1636" height="2992" />
    <size key="GridCell.Tab.0.center.0.0.6016.3384@192dpi" width="1636" height="2992" />
    <size key="GridCell.Tab.0.right.0.0.6016.3384@192dpi" width="1636" height="2992" />
    <size key="GridCell.Tab.0.bottom.0.0.6016.3384@192dpi" width="1636" height="2992" />
    <size key="GridCell.Tab.1.left.0.0.6016.3384@192dpi" width="1636" height="2992" />
    <size key="GridCell.Tab.1.center.0.0.6016.3384@192dpi" width="1636" height="2992" />
    <size key="GridCell.Tab.1.right.0.0.6016.3384@192dpi" width="1636" height="2992" />
    <size key="GridCell.Tab.1.bottom.0.0.6016.3384@192dpi" width="1636" height="2992" />
    <size key="GridCell.Tab.0.left.0.0.3600.2338@192dpi" width="1186" height="1908" />
    <size key="GridCell.Tab.0.center.0.0.3600.2338@192dpi" width="1186" height="1908" />
    <size key="GridCell.Tab.0.right.0.0.3600.2338@192dpi" width="1186" height="1908" />
    <size key="GridCell.Tab.0.bottom.0.0.3600.2338@192dpi" width="1186" height="1908" />
    <size key="GridCell.Tab.1.left.0.0.3600.2338@192dpi" width="1186" height="1908" />
    <size key="GridCell.Tab.1.center.0.0.3600.2338@192dpi" width="1186" height="1908" />
    <size key="GridCell.Tab.1.right.0.0.3600.2338@192dpi" width="1186" height="1908" />
    <size key="GridCell.Tab.1.bottom.0.0.3600.2338@192dpi" width="1186" height="1908" />
    <size key="find.popup.0.0.3600.2338@192dpi" width="1982" height="2004" />
    <size key="find.popup.0.0.6720.3780@192dpi" width="2862" height="2944" />
    <size key="GridCell.Tab.0.left.0.0.6720.3780@192dpi" width="1880" height="3380" />
    <size key="GridCell.Tab.0.center.0.0.6720.3780@192dpi" width="1880" height="3380" />
    <size key="GridCell.Tab.0.right.0.0.6720.3780@192dpi" width="1880" height="3380" />
    <size key="GridCell.Tab.0.bottom.0.0.6720.3780@192dpi" width="1880" height="3380" />
    <size key="GridCell.Tab.1.left.0.0.6720.3780@192dpi" width="1880" height="3380" />
    <size key="GridCell.Tab.1.center.0.0.6720.3780@192dpi" width="1880" height="3380" />
    <size key="GridCell.Tab.1.right.0.0.6720.3780@192dpi" width="1880" height="3380" />
    <size key="GridCell.Tab.1.bottom.0.0.6720.3780@192dpi" width="1880" height="3380" />
    <size key="find.popup.0.0.5120.2880@192dpi" width="1280" height="1076" />
    <size key="GridCell.Tab.0.left.0.0.5120.2880@192dpi" width="2750" height="2490" />
    <size key="GridCell.Tab.0.center.0.0.5120.2880@192dpi" width="2750" height="2490" />
    <size key="GridCell.Tab.0.right.0.0.5120.2880@192dpi" width="2750" height="2490" />
    <size key="GridCell.Tab.0.bottom.0.0.5120.2880@192dpi" width="2750" height="2490" />
    <size key="GridCell.Tab.1.left.0.0.5120.2880@192dpi" width="2750" height="2490" />
    <size key="GridCell.Tab.1.center.0.0.5120.2880@192dpi" width="2750" height="2490" />
    <size key="GridCell.Tab.1.right.0.0.5120.2880@192dpi" width="2750" height="2490" />
    <size key="GridCell.Tab.1.bottom.0.0.5120.2880@192dpi" width="2750" height="2490" />
    <size key="GridCell.Tab.0.left.0.0.3600.2250@192dpi" width="1478" height="1858" />
    <size key="GridCell.Tab.0.center.0.0.3600.2250@192dpi" width="1478" height="1858" />
    <size key="GridCell.Tab.0.right.0.0.3600.2250@192dpi" width="1478" height="1858" />
    <size key="GridCell.Tab.0.bottom.0.0.3600.2250@192dpi" width="1478" height="1858" />
    <size key="GridCell.Tab.1.left.0.0.3600.2250@192dpi" width="1478" height="1858" />
    <size key="GridCell.Tab.1.center.0.0.3600.2250@192dpi" width="1478" height="1858" />
    <size key="GridCell.Tab.1.right.0.0.3600.2250@192dpi" width="1478" height="1858" />
    <size key="GridCell.Tab.1.bottom.0.0.3600.2250@192dpi" width="1478" height="1858" />
    <size key="find.popup.0.0.3600.2250@192dpi" width="1688" height="1654" />
    <size key="find.popup.0.0.3024.1964@192dpi" width="1280" height="1274" />
    <size key="GridCell.Tab.0.left.0.0.3024.1964@192dpi" width="1106" height="1546" />
    <size key="GridCell.Tab.0.center.0.0.3024.1964@192dpi" width="1106" height="1546" />
    <size key="GridCell.Tab.0.right.0.0.3024.1964@192dpi" width="1106" height="1546" />
    <size key="GridCell.Tab.0.bottom.0.0.3024.1964@192dpi" width="1106" height="1546" />
    <size key="GridCell.Tab.1.left.0.0.3024.1964@192dpi" width="1106" height="1546" />
    <size key="GridCell.Tab.1.center.0.0.3024.1964@192dpi" width="1106" height="1546" />
    <size key="GridCell.Tab.1.right.0.0.3024.1964@192dpi" width="1106" height="1546" />
    <size key="GridCell.Tab.1.bottom.0.0.3024.1964@192dpi" width="1106" height="1546" />
    <size key="GridCell.Tab.2.left.0.0.6016.3384@192dpi" width="5852" height="1958" />
    <size key="GridCell.Tab.2.center.0.0.6016.3384@192dpi" width="5852" height="1958" />
    <size key="GridCell.Tab.2.right.0.0.6016.3384@192dpi" width="5852" height="1958" />
    <size key="GridCell.Tab.2.bottom.0.0.6016.3384@192dpi" width="5852" height="1958" />
    <size key="GridCell.Tab.3.left.0.0.6016.3384@192dpi" width="5852" height="1958" />
    <size key="GridCell.Tab.3.center.0.0.6016.3384@192dpi" width="5852" height="1958" />
    <size key="GridCell.Tab.3.right.0.0.6016.3384@192dpi" width="5852" height="1958" />
    <size key="GridCell.Tab.3.bottom.0.0.6016.3384@192dpi" width="5852" height="1958" />
  </component>
  <component name="WindowManager">
    <frame x="393" y="108" width="2547" height="1462" />
  </component>
  <component name="WindowStateApplicationService">
    <state width="820" height="114" key="ShowUsagesActions.dimensionServiceKey" timestamp="1756980548646">
      <screen x="0" y="25" width="3008" height="1618" />
    </state>
    <state width="820" height="114" key="ShowUsagesActions.dimensionServiceKey/0.25.3008.1618" timestamp="1756980548646" />
    <state width="841" height="142" key="ShowUsagesActions.dimensionServiceKey/0.44.1800.1076" timestamp="1755186499234" />
    <state x="1503" y="728" width="1403" height="984" key="WELCOME_SCREEN" timestamp="1756802539013">
      <screen x="0" y="25" width="3008" height="1618" />
    </state>
    <state x="1503" y="728" width="1403" height="984" key="WELCOME_SCREEN/0.25.3008.1618" timestamp="1756802539013" />
    <state x="900" y="511" width="840" height="655" key="WELCOME_SCREEN/0.44.1800.1076" timestamp="1755155956778" />
  </component>
</application>