<application>
  <component name="GroupManager">
    <expandedByName>
      <entry name="Tutorials" expanded="true" />
      <entry name="Projects" expanded="true" />
    </expandedByName>
  </component>
  <component name="LangManager">
    <option name="languageName" value="ruby" />
  </component>
  <component name="LessonStateBase">
    <option name="map">
      <map>
        <entry key="actions" value="NOT_PASSED" />
        <entry key="basic completion" value="NOT_PASSED" />
        <entry key="codeassistance.codeformatting" value="NOT_PASSED" />
        <entry key="codeassistance.editorcodingassistance" value="NOT_PASSED" />
        <entry key="codeassistance.localhistory" value="NOT_PASSED" />
        <entry key="codeassistance.parameterinfo" value="NOT_PASSED" />
        <entry key="codeassistance.quickpopups" value="NOT_PASSED" />
        <entry key="collapse" value="NOT_PASSED" />
        <entry key="comment line" value="NOT_PASSED" />
        <entry key="completion with tab" value="NOT_PASSED" />
        <entry key="context.actions" value="NOT_PASSED" />
        <entry key="declaration and usages" value="NOT_PASSED" />
        <entry key="duplicate" value="NOT_PASSED" />
        <entry key="extract method" value="NOT_PASSED" />
        <entry key="extract variable" value="NOT_PASSED" />
        <entry key="file structure" value="NOT_PASSED" />
        <entry key="find in files" value="NOT_PASSED" />
        <entry key="git.annotate" value="NOT_PASSED" />
        <entry key="git.basicworkflow" value="NOT_PASSED" />
        <entry key="git.changelistsandshelf" value="NOT_PASSED" />
        <entry key="git.commit" value="NOT_PASSED" />
        <entry key="git.interactiverebase" value="NOT_PASSED" />
        <entry key="git.projecthistory" value="NOT_PASSED" />
        <entry key="git.quickstart" value="NOT_PASSED" />
        <entry key="hippie completion" value="NOT_PASSED" />
        <entry key="move" value="NOT_PASSED" />
        <entry key="multiple selections" value="NOT_PASSED" />
        <entry key="postfix completion" value="NOT_PASSED" />
        <entry key="recent files and locations" value="NOT_PASSED" />
        <entry key="refactoring menu" value="NOT_PASSED" />
        <entry key="rename" value="NOT_PASSED" />
        <entry key="search everywhere" value="NOT_PASSED" />
        <entry key="select" value="NOT_PASSED" />
        <entry key="surround and unwrap" value="NOT_PASSED" />
      </map>
    </option>
  </component>
</application>