<application>
  <component name="NodeJsLocalInterpreterManager">
    <local-interpreter path="/usr/local/bin/node" />
    <local-interpreter path="/usr/local/Cellar/node/15.8.0/bin/node" />
    <local-interpreter path="/usr/local/Cellar/node/13.11.0/bin/node" />
    <local-interpreter path="$USER_HOME$/.nvm/versions/node/v12.13.1/bin/node" />
    <local-interpreter path="/usr/local/Cellar/node/11.14.0/bin/node" />
    <local-interpreter path="/usr/local/Cellar/node/11.12.0/bin/node" />
    <local-interpreter path="$USER_HOME$/.nvm/versions/node/v10.15.3/bin/node" />
    <local-interpreter path="$USER_HOME$/.nvm/versions/node/v8.16.0/bin/node" />
    <local-interpreter path="$USER_HOME$/.nvm/versions/node/v8.9.4/bin/node" />
    <local-interpreter path="$USER_HOME$/.nvm/versions/node/v8.4.0/bin/node" />
  </component>
</application>