<application>
  <component name="ProjectManager">
    <defaultProject>
      <component name="ComposerJsonPluginSettings">
        <unboundedVersionInspectionSettings>
          <excludedPackages />
        </unboundedVersionInspectionSettings>
        <customRepositories />
        <composerUpdateOptions />
      </component>
      <component name="ComposerSettings">
        <execution />
      </component>
      <component name="PropertiesComponent">
        <property name="go.import.settings.migrated" value="true" />
        <property name="nodejs_interpreter_path.stuck_in_default_project" value="undefined stuck path" />
        <property name="nodejs_npm_path_reset_for_default_project" value="true" />
        <property name="settings.editor.selected.configurable" value="configurable.group.editor" />
      </component>
    </defaultProject>
  </component>
</application>